<?xml version="1.0" encoding="utf-8"?>
<install type="module" version="1.5.0">
	<name>PCOE Category Filter</name>
	<author>Sankuru Development Team &amp; Butterfly Works</author>
	<creationDate>November 2009</creationDate>
	<copyright></copyright>
	<license></license>
	<authorEmail></authorEmail>
	<authorUrl></authorUrl>
	<version>1.0</version>
	<description>Extracts PCOE Category list</description>
	<files>
		<filename module="mod_pcoe_categoryfilter">mod_pcoe_categoryfilter.php</filename>
		<folder>functions</folder>
	</files>
	<params>
		<!--param name="url" type="text" default="" label="URL"
		description="The desired url to search" /-->
		<param name="tag" type="text" default="div" label="Tag"
		description="The desired tag to search" />
		<param name="attribute" type="radio" default="class" label="Attribute"
		description="search by id or class">
			<option value="id">id</option>
			<option value="class">class</option>
		</param>
		<param name="value" type="text" default="category" label="Value"
		description="The id/class to get" />
		<param name="index" type="text" default="1" label="Index"
		description="The index of the tag for multiple tags - attribute pairs" />
		<param name="post_script" type="text" default="" label="Post Script"
		description="The name of the script for further processing the cut HTML" />
		<param name="moduleclass_sfx" type="text" default="" label="Module Class Suffix" 
		description="PARAMMODULECLASSSUFFIX" />
	</params>
</install>
