<?xml version="1.0" encoding="UTF-8"?>
<!DOCTYPE install SYSTEM "http://dev.joomla.org/xml/1.5/component-install.dtd">
<install type="component" version="1.5">

	<!-- ========================= -->
	<!-- PRODUCT -->	
	<!-- ========================= -->
	<name>PCOE</name>
	<version>1.0</version>	
	<copyright></copyright>
	<creationDate>November 2009</creationDate>
	<productName>PCOE</productName>
	<author>Sankuru Development Team &amp; Butterfly Works</author>
	<authorEmail>serey@sankuru.biz</authorEmail>
	<authorUrl>http://www.sankuru.biz</authorUrl>	
	<license></license>
	<warning>
	</warning>	
	<credits>
	</credits>

	<!-- ========================= -->
	<!-- DESCRIPTION -->	
	<!-- ========================= -->
	
	<description>
		PCOE installed successfully
	</description>
	<!--
	<installfile></installfile>
	<uninstallfile><uninstallfile>
	-->
	<!-- ========================= -->
	<!-- FRONT FILES -->	
	<!-- ========================= -->
	<install>
		<queries>				
					
		</queries>
	</install>
	<files folder='site'>
		<filename>pcoe.php</filename>
		<filename>pcoe_main.php</filename>
		<filename>router.php</filename>
		<filename>views/alerts/metadata.xml</filename>
		<filename>views/help/metadata.xml</filename>
		<filename>views/main/metadata.xml</filename>
		<filename>views/reports/metadata.xml</filename>
		<filename>views/submit/metadata.xml</filename>		
		<filename>views/dashboard/metadata.xml</filename>
		<filename>views/profile/metadata.xml</filename>
	</files>	
	
	<administration>
		<!-- ========================= -->
		<!-- MENUS -->	
		<!-- ========================= -->			
		<menu>PCOE</menu>
		<submenu>
			<menu link="option=com_pcoe">Admin</menu>
			<menu link="option=com_pcoe&amp;view=about">About</menu>
		</submenu>		
		<!-- ========================= -->
		<!-- ADMIN FILES -->	
		<!-- ========================= -->		
		<files folder='admin'>			
			<filename>pcoe.php</filename>
			<filename>pcoe_page.php</filename>
		</files>
		<!-- ========================= -->
	</administration>
</install>