<?xml version="1.0" encoding="utf-8"?>
<install type="module" version="1.5.0">
	<name>BB New Project Message</name>
	<author>Sankuru Team</author>
	<creationDate>November 2009</creationDate>
	<copyright></copyright>
	<license></license>
	<authorEmail></authorEmail>
	<authorUrl></authorUrl>
	<version>1.0</version>
	<description>Edit the message displayed when a user submits a new project</description>
	<files>
		<filename module="mod_bb_projectmsg">mod_bb_projectmsg.php</filename>
	</files>
	<params>
		<param name="text" type="textarea" label="Text" rows="5" cols="40"
		description="The message displayed when a ueser submits a new project"
		default="Your project has been submitted to our staff for review. When your project is approved it will be published on the website. We will get back to you shortly if necessary.
		Good luck! We hope you do well"
				 />		
	</params>
</install>
