<?xml version="1.0" encoding="utf-8"?>
<install version="1.5" type="plugin" group="system">
	<name>System - PCOE CSS Loader</name>
	<author>Sankuru Development Team &amp; Butterfly Works</author>
	<creationDate>March 2010</creationDate>
	<authorEmail>yos@sankuru.biz</authorEmail>
	<authorUrl>www.sankuru.biz</authorUrl>
	<version>1.0</version>
	<description>Loads PCOE css file</description>
	<files>
		<filename plugin="pcoecssloader">pcoecssloader.php</filename>
	</files>
	<params>
	</params>
</install>