<?xml version="1.0" encoding="utf-8"?>
<install version="1.5" type="plugin" group="content">
	<name>CSS Mapper</name>
	<creationDate>November 2009</creationDate>
	<copyright></copyright>
	<license></license>
	<author>Sankuru Development Team &amp; Butterfly Works</author>
	<authorEmail>yosolu@sankuru.biz</authorEmail>
	<authorUrl>http://www.sankuru.biz</authorUrl>
	<version>1.0</version>
	<description>CSS mapper plugin</description>
	<files>
		<filename plugin="cssmapper">cssmapper.php</filename>
	</files>
	<params/>
</install>
