<?xml version="1.0" encoding="utf-8"?>
<install version="1.5" type="plugin" group="search">
	<name>PCOE Search</name>
	<author>Sankuru Development Team &amp; Butterfly Works</author>
	<creationDate>November 2009</creationDate>
	<copyright></copyright>
	<license></license>
	<authorEmail>yos@sankuru.biz</authorEmail>
	<authorUrl>http://www.sankuru.biz</authorUrl>
	<version>1.0</version>
	<description>PCOE Incidents search</description>
	<files>
		<filename plugin="pcoe_search">pcoe_search.php</filename>
	</files>
	<languages>
   <language tag="en-GB">language/en-GB/en-GB.plg_search_pcoe_search.ini</language>
</languages>
</install>

