<?xml version="1.0" encoding="utf-8"?>

<!DOCTYPE install PUBLIC "-//Joomla! 1.5//DTD template 1.0//EN"

 "http://dev.joomla.org/xml/1.5/template-install.dtd">

<install version="1.5" type="template">

	<name>pcoe</name>

	<creationDate>November 2009</creationDate>

	<author>Sankuru Development Team &amp; Butterfly Works</author>

	<authorUrl>http://www.sankuru.biz</authorUrl>

	<version>1.0.0</version>

	<description>
<![CDATA[
<div style='padding:15px;background-color:#EFF9FF;color:#535D6B;font-size:12px;font-family:Lucida Grande,Lucida Sans Unicode,Arial,Helvetica,sans-serif'>	
<strong>About:</strong><br />
Congratulations on choosing 'Positive Chain of Events' as your reporting mapping component for Joomla. This Joomla component is a development of Butterfly Works based on the original concept and tooling of Ushahidi crisis reporting tool <a href='http://ushahidi.com' target='_blank' >www.ushahidi.com</a>.
Butterfly Works developed this Joomla component in order to facilitate more people making use of this approach of crowd sourcing and mapping any positive chain of events in their community or issue space. We wish you luck with the component and would be happy to hear where and how you have used it pcoe@butterflyworks.org.
<br /><br />
We say a big thank you and express our appreciation to the development team, the original Ushahidi team, Andric van Es, Butterfly Works team and Erik Sankuru,  Sankuru Development Team.
<br /><br />
Positive Chain of Evens component version: 1.0.0 for Joomla 1.5 Native. For all issues with this PCOE version, contact pcoe@butterflyworks.org.
<br /><br />
<strong>Copyrights:</strong><br />
Original Copyright (C) 2010 Butterfly Works <a href='http://butterflyworks.org' target='_blank' >www.butterflyworks.org</a>.
Distributed under the terms of the GNU General Public License. This software may be used without warranty provided and copyright
statements are left intact.
<br /><br />
<strong>Comments:</strong><br />
This version is Developed by: Butterfly Works <a href='http://butterflyworks.org' target='_blank' >www.butterflyworks.org</a> and Sankuru Development Team <a href='http://sankuru.biz' target='_blank' >www.sankuru.biz</a> in January 2010 with the knowledge of and permission of Ushahid <a href='http://ushahidi.com' target='_blank' >www.ushahidi.com</a> and approved for distribution.
For all issues with this PCOE version, contact pcoe@butterflyworks.org.
<br /><br />
<strong>Note:</strong> Google API Map key required:<br />
PCOE requires the use of a Google map API key. To obtain the key please visit <a href='http://code.google.com/apis/maps/signup.html' target='_blank' >http://code.google.com/apis/maps/signup.html</a>
and copy the key in the pcoe component  go to > admin > settings > map
</div>
]]> 
</description>

	<files>
		<filename>index.php</filename>
		<filename>index.html</filename>
		<filename>favicon.ico</filename>
		<filename>params.ini</filename>
		<filename>templateDetails.xml</filename>
		<filename>template_thumbnail.png</filename>
		<filename>images/banner.jpg</filename>
		<filename>images/footer-bg.png</filename>
		<filename>images/logo.png</filename>
		<filename>images/menubg-hover.jpg</filename>
		<filename>images/menubg.jpg</filename>		
		<filename>images/ico-orange.gif</filename>
		<filename>images/profile-edit-icon.gif</filename>
		<filename>images/profile-edit-icon.png</filename>
		<filename>images/profile-edit-icon-2.png</filename>
		<filename>images/separator.gif</filename>
		<filename>images/separator-1.gif</filename>
		<filename>images/separator-2.gif</filename>		
		<filename>images/page-bg2.jpg</filename>
		<filename>css/template.css</filename>
		<filename>css/menu.css</filename>
		<filename>css/pcoe.css</filename>	
		<filename>css/ie.css</filename>			
		<filename>css/index.html</filename>
		<filename>scripts/menu.js</filename>
	</files>

    <positions>
		<position>left</position>
		<position>right</position>
		<position>top</position>
		<position>top-menu</position>
		<position>breadcrumb</position>		
		<position>submenu</position>	
		<position>bottom-left</position>
		<position>bottom-right</position>
		<position>bottom</position>
		<position>footer</position>		
		<position>breadcrumb2</position>
		<position>content-top-left</position>
		<position>content-top-right</position>
		<position>content-middle-left</position>
		<position>content-middle-left2</position>
		<position>content-middle-right</position>
		<position>content-middle-right2</position>
		<position>content-bottom-left</position>
		<position>content-bottom-right</position>
	</positions>

</install>

