<?xml version="1.0" encoding="UTF-8"?>
<!DOCTYPE install SYSTEM "http://dev.joomla.org/xml/1.5/component-install.dtd">
<install type="component" version="1.5">

	<!-- ========================= -->
	<!-- PRODUCT -->	
	<!-- ========================= -->
	<name>PCOE_Core_Patches</name>
	<version>1.0</version>	
	<copyright></copyright>
	<creationDate>November 2009</creationDate>
	<productName>PCOE CORE PATCHES</productName>
	<author>Sankuru Development Team &amp; Butterfly Works</author>
	<authorEmail>serey@sankuru.biz</authorEmail>
	<authorUrl>http://www.sankuru.biz</authorUrl>	
	<license></license>
	<warning>
	</warning>	
	<credits>
	</credits>

	<!-- ========================= -->
	<!-- DESCRIPTION -->	
	<!-- ========================= -->
	
	<description>
	PCOE CORE PATCHES installed successfully.
	</description>
	<!--
	<installfile></installfile>
	<uninstallfile><uninstallfile>
	-->
	<!-- ========================= -->
	<!-- FRONT FILES -->	
	<!-- ========================= -->
	<install>
		<queries>				
					
		</queries>
	</install>
	<files>
		<filename>pcoe_core_patches.php</filename>
	</files>		
	<administration>
		<!-- ========================= -->
		<!-- MENUS -->	
		<!-- ========================= -->			
		<!--menu>PCOE CORE PATCHES</menu-->
		<!-- ========================= -->
		<!-- ADMIN FILES -->	
		<!-- ========================= -->		
		<files>
			<filename>pcoe_core_patches.php</filename>
		</files>
		<!-- ========================= -->
	</administration>
	<installfile>install.com_pcoe_core_patches.php</installfile>
</install>