<?xml version="1.0" encoding="UTF-8"?><!DOCTYPE install SYSTEM "http://dev.joomla.org/xml/1.5/component-install.dtd"><install type="component" version="1.5">	<!-- ========================= -->	<!-- PRODUCT -->		<!-- ========================= -->	<name>cssmapper</name>	<version>1.0</version>		<copyright></copyright>	<creationDate>November 2009</creationDate>	<productName>CSS Mapper</productName>	<author>Sankuru Development Team &amp; Butterfly Works</author>	<authorEmail>yos@sankuru.biz</authorEmail>	<authorUrl>http://www.sankuru.biz</authorUrl>		<license></license>	<warning>	</warning>		<credits>	</credits>	<!-- ========================= -->	<!-- DESCRIPTION -->		<!-- ========================= -->		<description>	HTML CSS Mapper	</description>		<installfile></installfile>	<uninstallfile></uninstallfile>		<!-- ========================= -->	<!-- FRONT FILES -->		<!-- ========================= -->	<!-- ========================= -->	<!-- INSTALLER QUERIES -->		<!-- ========================= -->	<install>		<queries>			<query>				 				CREATE TABLE IF NOT EXISTS `#__cssmapper` (				  `id` integer unsigned NOT NULL AUTO_INCREMENT,				  `page_reg_exp` varchar(65) NULL,				  `src_css_class` varchar(100) NULL,				  `dest_css_class` varchar(100) NULL,				  `remark` text,				  PRIMARY KEY (`id`)				)			</query>		</queries>		</install>	<!-- ========================= -->	<!-- UNINSTALLER QUERIES -->		<!-- ========================= -->	<uninstall>		<queries>		</queries>		</uninstall>	<!-- ========================= -->	<!-- SITE FILES -->		<!-- ========================= -->		<!-- ========================= -->	<!-- ADMINISTRATION -->		<!-- ========================= -->	<administration>		<!-- ========================= -->		<!-- MENUS -->			<!-- ========================= -->				<!--menu>CSS Mapper</menu-->					<!-- ========================= -->		<!-- ADMIN FILES -->			<!-- ========================= -->				<files folder='admin'>			<filename>controllerBase.php</filename>			<filename>admin.cssmapper.php</filename>			<filename>tables/cssmapper.php</filename>					<filename>controllers/list.php</filename>			<filename>models/list.php</filename>			<filename>views/list/view.html.php</filename>			<filename>views/list/tmpl/default.php</filename>						<filename>controllers/detail.php</filename>			<filename>models/detail.php</filename>			<filename>views/detail/view.html.php</filename>			<filename>views/detail/tmpl/default.php</filename>			<filename>languages/english.php</filename>			<filename>functions/helper.php</filename>			<filename>functions/cutter_helper.php</filename>		</files>		<!-- ========================= -->	</administration></install>